https://customer-h7pc47d149h3qiks.cloudflarestream.com/09b5c24ab56969434bad5b6fc7ddfea5/manifest/video.m3u8	https://www.motiondesignawards.com/project/2643/extraordinary
https://customer-h7pc47d149h3qiks.cloudflarestream.com/0c5ce4eb63a628463cb9877879e661d9/manifest/video.m3u8	https://www.motiondesignawards.com/project/2627/baltimore-ravens-uniform-reveal
https://customer-h7pc47d149h3qiks.cloudflarestream.com/13826e448c2babc6d8d38e62f0576fae/manifest/video.m3u8	https://www.motiondesignawards.com/project/2414/xiaomi-love-story
https://customer-h7pc47d149h3qiks.cloudflarestream.com/1c7d526deaaf299a2cc6ea5f972ee95b/manifest/video.m3u8	https://www.motiondesignawards.com/project/218/its-about-time
https://customer-h7pc47d149h3qiks.cloudflarestream.com/2537ad187b3ace46b8c6095332a3b195/manifest/video.m3u8	https://www.motiondesignawards.com/project/2705/reel-2026-maido-hollo-1
https://customer-h7pc47d149h3qiks.cloudflarestream.com/321e0f42fcd2d1a6f88d18ead4a199e5/manifest/video.m3u8	https://www.motiondesignawards.com/project/307/christies-luxury-week-3
https://customer-h7pc47d149h3qiks.cloudflarestream.com/47a4392b6bd124c350616ffcc26a0e31/manifest/video.m3u8	https://www.motiondesignawards.com/project/1523/primordial-abyss
https://customer-h7pc47d149h3qiks.cloudflarestream.com/489587be4cc3680c91d8c09eacd295f7/manifest/video.m3u8	https://www.motiondesignawards.com/project/920/tripolis-park-imagination
https://customer-h7pc47d149h3qiks.cloudflarestream.com/4c687a4643a7c4003cdb92e3e4b0c75f/manifest/video.m3u8	https://www.motiondesignawards.com/project/2689/teka-built-in-max-series
https://customer-h7pc47d149h3qiks.cloudflarestream.com/53bcf69b6b1e954f28b17218bb6b0fd4/manifest/video.m3u8	https://www.motiondesignawards.com/project/2702/nantes-sanime-bicycle-trip
https://customer-h7pc47d149h3qiks.cloudflarestream.com/556143cdc20cf3b644f8543d7f284be0/manifest/video.m3u8	https://www.motiondesignawards.com/project/240/bam-is-back
https://customer-h7pc47d149h3qiks.cloudflarestream.com/5991df58f13bb6ce89de85e0d50342b2/manifest/video.m3u8	https://www.motiondesignawards.com/project/2690/bullpadel-hack-05-aero
https://customer-h7pc47d149h3qiks.cloudflarestream.com/5a58b657b6ad1cb819426c17149c4c26/manifest/video.m3u8	https://www.motiondesignawards.com/project/2551/httpsdrivegooglecomfiled1ygqwll0zbk-a9ul0mdofrb4qqsokd-t0viewuspsharing
https://customer-h7pc47d149h3qiks.cloudflarestream.com/5aadc37df25cfd31f6c357c7f09faff6/manifest/video.m3u8	https://www.motiondesignawards.com/project/1522/bullpadel-vertex-04
https://customer-h7pc47d149h3qiks.cloudflarestream.com/6338f75573dcf88bf9cad83ebfa104d4/manifest/video.m3u8	https://www.motiondesignawards.com/project/2577/mabuhay-showreel-2025
https://customer-h7pc47d149h3qiks.cloudflarestream.com/6d0bff362df30bcf1ffde0203c59ba20/manifest/video.m3u8	https://www.motiondesignawards.com/project/125/nike-mercurial-phantom-series-victory-pack
https://customer-h7pc47d149h3qiks.cloudflarestream.com/705925bb4e633075de608e13c448bee6/manifest/video.m3u8	https://www.motiondesignawards.com/project/1951/bioo-3-techs-by-kutuko
https://customer-h7pc47d149h3qiks.cloudflarestream.com/71b73e38054f9d1d71128a9cc83dff2e/manifest/video.m3u8	https://www.motiondesignawards.com/project/2342/bullpadel-vertex-05
https://customer-h7pc47d149h3qiks.cloudflarestream.com/81fd01c0efbb90c677c8f984820389c8/manifest/video.m3u8	https://www.motiondesignawards.com/project/2660/lucky-penny
https://customer-h7pc47d149h3qiks.cloudflarestream.com/8363747c1b1c8e73757c4293104d06f6/manifest/video.m3u8	https://www.motiondesignawards.com/project/2570/hamilton-timing-the-action
https://customer-h7pc47d149h3qiks.cloudflarestream.com/861d31f99dae4851612f96f1be2da59f/manifest/video.m3u8	https://www.motiondesignawards.com/project/311/etos-luchtpost
https://customer-h7pc47d149h3qiks.cloudflarestream.com/872f610a21a591acf0096924ff979124/manifest/video.m3u8	https://www.motiondesignawards.com/project/2719/biobar
https://customer-h7pc47d149h3qiks.cloudflarestream.com/886672dbaef9cdd51370402ca4a30b42/manifest/video.m3u8	https://www.motiondesignawards.com/project/2636/continental-adidas-by-kutuko
https://customer-h7pc47d149h3qiks.cloudflarestream.com/90ccd6e1ea4228bd2d68c42af7a849e0/manifest/video.m3u8	https://www.motiondesignawards.com/project/97/inspired-by-xiaomi-mi-10-pro-1
https://customer-h7pc47d149h3qiks.cloudflarestream.com/9aea1d8795da227c258d2434aa726e62/manifest/video.m3u8	https://www.motiondesignawards.com/project/349/the-mini-vision-urbanaut-wanderlust
https://customer-h7pc47d149h3qiks.cloudflarestream.com/a75ebc8a2c1305317d74b5f5b538b7e7/manifest/video.m3u8	https://www.motiondesignawards.com/project/298/persol-universe
https://customer-h7pc47d149h3qiks.cloudflarestream.com/a8f6c4c1d755ec94eba201e28ce5a26e/manifest/video.m3u8	https://www.motiondesignawards.com/project/2387/hamilton-ventura-edge-skeleton-by-kutuko
https://customer-h7pc47d149h3qiks.cloudflarestream.com/ad9a5c3e87f9432c161ac845afb8e7de/manifest/video.m3u8	https://www.motiondesignawards.com/project/2684/lian-li-cases-research
https://customer-h7pc47d149h3qiks.cloudflarestream.com/b2725aa6dd4417adce8358f6e1c83c7e/manifest/video.m3u8	https://www.motiondesignawards.com/project/2694/birdie
https://customer-h7pc47d149h3qiks.cloudflarestream.com/b5e0fa8fe2a8b316a2819b1a58651228/manifest/video.m3u8	https://www.motiondesignawards.com/project/126/nextatlas
https://customer-h7pc47d149h3qiks.cloudflarestream.com/c1d8d69f98830caa01537cadc4d5d74b/manifest/video.m3u8	https://www.motiondesignawards.com/project/95/quarantine-loops
https://customer-h7pc47d149h3qiks.cloudflarestream.com/c8b643471b16458fc062d4d8bba2e120/manifest/video.m3u8	https://www.motiondesignawards.com/project/272/google-chrome-enterprise
https://customer-h7pc47d149h3qiks.cloudflarestream.com/cf19ae7198077e802585fc247f41d3c1/manifest/video.m3u8	https://www.motiondesignawards.com/project/2722/new-jersey-devils-third-jersey-rejoin
https://customer-h7pc47d149h3qiks.cloudflarestream.com/cf785da61412e0be9a564378e47c2373/manifest/video.m3u8	https://www.motiondesignawards.com/project/2663/the-season-opening-titles
https://customer-h7pc47d149h3qiks.cloudflarestream.com/d0e77625be90f1fb03aeba899398484c/manifest/video.m3u8	https://www.motiondesignawards.com/project/2548/nike-air-max-95000
https://customer-h7pc47d149h3qiks.cloudflarestream.com/d67e2e0a7d50267d72b4b445e5f8e27e/manifest/video.m3u8	https://www.motiondesignawards.com/project/285/select-sector-spdrs-2020
https://customer-h7pc47d149h3qiks.cloudflarestream.com/d698dcb6faf1b33fd413eb8d8ff913fe/manifest/video.m3u8	https://www.motiondesignawards.com/project/2609/rsquad-ton-rust-node-1
https://customer-h7pc47d149h3qiks.cloudflarestream.com/db66d7e97456db1446f5921233d1ff96/manifest/video.m3u8	https://www.motiondesignawards.com/project/926/plusone-cel-animation-reel
https://customer-h7pc47d149h3qiks.cloudflarestream.com/dca49382118ffeeb7cbd8933cab1445a/manifest/video.m3u8	https://www.motiondesignawards.com/project/352/cariuma-catiba-x-berrics-release
https://customer-h7pc47d149h3qiks.cloudflarestream.com/ee9d99996bce01382b990cc71d87493b/manifest/video.m3u8	https://www.motiondesignawards.com/project/343/the-mini-vision-urbanaut-vibe
https://customer-h7pc47d149h3qiks.cloudflarestream.com/f781f5a73411eb5147e6c04c52599a13/manifest/video.m3u8	https://www.motiondesignawards.com/project/2259/neo-oven
https://customer-h7pc47d149h3qiks.cloudflarestream.com/f7893367bf630fd898c5352ac2133f48/manifest/video.m3u8	https://www.motiondesignawards.com/project/373/sky-sport-redesign-sports-formats
https://customer-h7pc47d149h3qiks.cloudflarestream.com/fe22d5c11ef51aa57a347259c6d1ee07/manifest/video.m3u8	https://www.motiondesignawards.com/project/2712/showreel-2026-motion-design-and-art-direction
https://player.vimeo.com/video/1003520566	https://www.motiondesignawards.com/project/2605/what-yandex-ecom-open-air-1
https://player.vimeo.com/video/1006978046	https://www.motiondesignawards.com/project/1814/experimental-watchverse
https://player.vimeo.com/video/1019817182	https://www.motiondesignawards.com/project/1863/airwallex-money-2020
https://player.vimeo.com/video/1028456308	https://www.motiondesignawards.com/project/1885/storytel-visual-identity
https://player.vimeo.com/video/1029331351	https://www.motiondesignawards.com/project/1879/clim-studio-rebrand-film
https://player.vimeo.com/video/1032342761	https://www.motiondesignawards.com/project/2174/gatorlyte-the-heat-is-on
https://player.vimeo.com/video/1046348778	https://www.motiondesignawards.com/project/1965/samsung-screensavers-galaxy-z-flip-fold-by-clim-studio
https://player.vimeo.com/video/1053748540	https://www.motiondesignawards.com/project/2010/nike-made-for-the-moment
https://player.vimeo.com/video/1054202500	https://www.motiondesignawards.com/project/2020/amazon-by-clim-studio-motion-design-social-campaign
https://player.vimeo.com/video/1055628210	https://www.motiondesignawards.com/project/2513/nike-air-max-1000-1
https://player.vimeo.com/video/1060791132	https://www.motiondesignawards.com/project/2559/sint-promo-vsesvitio
https://player.vimeo.com/video/1066860414	https://www.motiondesignawards.com/project/2106/reel-2025-by-kutuko
https://player.vimeo.com/video/1068801790	https://www.motiondesignawards.com/project/2085/coinshares-video-series
https://player.vimeo.com/video/1070346086	https://www.motiondesignawards.com/project/2173/adidas-terrex-skychaser
https://player.vimeo.com/video/1071391927	https://www.motiondesignawards.com/project/2146/bioo-3techs-process-reel-by-kutuko
https://player.vimeo.com/video/1082097249	https://www.motiondesignawards.com/project/2215/adizero-boston
https://player.vimeo.com/video/1090406786	https://www.motiondesignawards.com/project/2195/nobjects-by-clim-studio
https://player.vimeo.com/video/1090761161	https://www.motiondesignawards.com/project/2197/doordash-design-connects-motion-design
https://player.vimeo.com/video/1101161938	https://www.motiondesignawards.com/project/2258/at-your-door-2d-3d-motion
https://player.vimeo.com/video/1117453252	https://www.motiondesignawards.com/project/2319/nordes-by-kutuko
https://player.vimeo.com/video/1123157733	https://www.motiondesignawards.com/project/2359/marex-video-series
https://player.vimeo.com/video/1131621508	https://www.motiondesignawards.com/project/2400/natureorg-motion-film
https://player.vimeo.com/video/1140748062	https://www.motiondesignawards.com/project/2413/clim-studio-manifesto-teaser-1
https://player.vimeo.com/video/1148486976	https://www.motiondesignawards.com/project/2686/threads-of-identity
https://player.vimeo.com/video/1151031859	https://www.motiondesignawards.com/project/2599/mama-no-quiero-ser-artista
https://player.vimeo.com/video/1180259662	https://www.motiondesignawards.com/project/2546/ccm-jetspeed-personal-project
https://player.vimeo.com/video/1189653589	https://www.motiondesignawards.com/project/2579/bicycle-glx-series
https://player.vimeo.com/video/1191530490	https://www.motiondesignawards.com/project/2718/pny-nvidia
https://player.vimeo.com/video/1208530277	https://www.motiondesignawards.com/project/2650/logitech-mx-master-4
https://player.vimeo.com/video/1208660713	https://www.motiondesignawards.com/project/2681/3d-motion-ui-reel-2026
https://player.vimeo.com/video/1213288567	https://www.motiondesignawards.com/project/2693/houseboat-forma
https://player.vimeo.com/video/1213494473	https://www.motiondesignawards.com/project/2703/tiny-drivers-2
https://player.vimeo.com/video/1217339732	https://www.motiondesignawards.com/project/2692/mercedes-g63
https://player.vimeo.com/video/1218241761	https://www.motiondesignawards.com/project/2672/oh-daisy-animated-short-film
https://player.vimeo.com/video/1219476116?h=0b6d544881	https://www.motiondesignawards.com/project/2721/tango-calor
https://player.vimeo.com/video/1219797555	https://www.motiondesignawards.com/project/2676/dreamcat
https://player.vimeo.com/video/1219804268	https://www.motiondesignawards.com/project/2720/cellcosmet-ultrasensitive
https://player.vimeo.com/video/1220784560	https://www.motiondesignawards.com/project/2678/araldica-sound-based-motion-toolkit
https://player.vimeo.com/video/1223701357	https://www.motiondesignawards.com/project/2683/healthcare-group-rebrand-showreel-2026
https://player.vimeo.com/video/1224126282	https://www.motiondesignawards.com/project/2687/hublot-big-bang-integrated-titanium
https://player.vimeo.com/video/1224435364	https://www.motiondesignawards.com/project/2691/the-yellow-dot
https://player.vimeo.com/video/1226868552	https://www.motiondesignawards.com/project/2698/circularity
https://player.vimeo.com/video/1227820080	https://www.motiondesignawards.com/project/2700/motion-plus-design-new-york-opening-titles
https://player.vimeo.com/video/1228098940	https://www.motiondesignawards.com/project/2699/norte-adventures
https://player.vimeo.com/video/1229076979	https://www.motiondesignawards.com/project/2707/garlicoff-full-cgi-product-film
https://player.vimeo.com/video/1230054315	https://www.motiondesignawards.com/project/2714/saka-samamusic-video
https://player.vimeo.com/video/1230931366	https://www.motiondesignawards.com/project/2717/accor-holding-on-to-summer
https://player.vimeo.com/video/1231233930	https://www.motiondesignawards.com/project/2716/overload
https://player.vimeo.com/video/134957666	https://www.motiondesignawards.com/project/434/seed
https://player.vimeo.com/video/190263717	https://www.motiondesignawards.com/project/414/nike-sportswear-presto
https://player.vimeo.com/video/257988899	https://www.motiondesignawards.com/project/1176/2023-already-been-chewed-motion-reel
https://player.vimeo.com/video/391200662	https://www.motiondesignawards.com/project/1190/tegranite-by-kutuko-1
https://player.vimeo.com/video/392002113	https://www.motiondesignawards.com/project/406/karl-lagerfeld-x-the-woolmark-company-knit-karl
https://player.vimeo.com/video/472877456	https://www.motiondesignawards.com/jury
https://player.vimeo.com/video/480814129	https://www.motiondesignawards.com/project/612/training-mask-apollo
https://player.vimeo.com/video/510345673	https://www.motiondesignawards.com/project/401/mediterraneo
https://player.vimeo.com/video/511631471	https://www.motiondesignawards.com/project/465/new-balance-fresh-foam-x
https://player.vimeo.com/video/511633248	https://www.motiondesignawards.com/project/403/peter-millar-apollo
https://player.vimeo.com/video/519589567	https://www.motiondesignawards.com/about/mda
https://player.vimeo.com/video/527843966	https://www.motiondesignawards.com/project/592/clim-studio-reel
https://player.vimeo.com/video/534002953	https://www.motiondesignawards.com/project/523/cariuma-ibi-slip-on
https://player.vimeo.com/video/554186691	https://www.motiondesignawards.com/project/613/slipstream-automated-videos
https://player.vimeo.com/video/555786079	https://www.motiondesignawards.com/project/628/sky-crime-verbrechen-von-nebenan
https://player.vimeo.com/video/565644120	https://www.motiondesignawards.com/project/641/artgrid-art-loops-series-by-clim-studio
https://player.vimeo.com/video/568479489	https://www.motiondesignawards.com/project/670/ikebana
https://player.vimeo.com/video/568537296	https://www.motiondesignawards.com/project/656/turtle-beach-recon-controller
https://player.vimeo.com/video/572646484	https://www.motiondesignawards.com/project/1201/vesq-by-kutuko-studio
https://player.vimeo.com/video/577522663	https://www.motiondesignawards.com/project/679/affirm-illustration-system
https://player.vimeo.com/video/583009899	https://www.motiondesignawards.com/project/692/supra-boats-2022-supra-sl-1
https://player.vimeo.com/video/583829786	https://www.motiondesignawards.com/project/737/bates-footwear-tactical-sport-2
https://player.vimeo.com/video/592043530	https://www.motiondesignawards.com/project/707/artgrid-patterns-by-clim-studio
https://player.vimeo.com/video/594560855	https://www.motiondesignawards.com/project/710/benbits-plastic-free
https://player.vimeo.com/video/631785005	https://www.motiondesignawards.com/project/784/sky-hammer-herbst-trailer
https://player.vimeo.com/video/636939299	https://www.motiondesignawards.com/project/791/5-a-day-artgrid-series-by-clim-studio
https://player.vimeo.com/video/639470757	https://www.motiondesignawards.com/project/796/google-chrome-os-illustration-system
https://player.vimeo.com/video/640342516	https://www.motiondesignawards.com/project/812/army-of-thieves-motion-design-cutdown
https://player.vimeo.com/video/641936618	https://www.motiondesignawards.com/project/802/louis-vuitton-les-extraits-collection
https://player.vimeo.com/video/644818151	https://www.motiondesignawards.com/project/810/shoereel
https://player.vimeo.com/video/646480129	https://www.motiondesignawards.com/project/867/cariuma-mike-vallely-pro-model
https://player.vimeo.com/video/651664655	https://www.motiondesignawards.com/project/1141/hamilton-matrix-by-kutuko
https://player.vimeo.com/video/665961394	https://www.motiondesignawards.com/project/859/marvin
https://player.vimeo.com/video/666812219	https://www.motiondesignawards.com/project/1091/biolux-by-kutuko
https://player.vimeo.com/video/669940285	https://www.motiondesignawards.com/project/904/chefs-cut-oakley-unity-collection
https://player.vimeo.com/video/672680672	https://www.motiondesignawards.com/project/868/illo-x-natureorg-biodiversity-episode-1
https://player.vimeo.com/video/691939089	https://www.motiondesignawards.com/project/917/mary-kay-sizzle-reel
https://player.vimeo.com/video/703181913	https://www.motiondesignawards.com/project/930/see-through
https://player.vimeo.com/video/704094123	https://www.motiondesignawards.com/project/1027/plusone-cg-reel
https://player.vimeo.com/video/704095071	https://www.motiondesignawards.com/project/985/plusone-character-reel
https://player.vimeo.com/video/706580726	https://www.motiondesignawards.com/project/1254/hamilton-red-by-kutuko
https://player.vimeo.com/video/708366312	https://www.motiondesignawards.com/project/940/new-balance-kawhi-leonard-goosebumps
https://player.vimeo.com/video/709579076	https://www.motiondesignawards.com/project/945/bmw-i4-eye-candies-collection
https://player.vimeo.com/video/711229237	https://www.motiondesignawards.com/project/1113/bangolusen-beoportalplay-by-kutuko
https://player.vimeo.com/video/729225297	https://www.motiondesignawards.com/project/1000/eybna
https://player.vimeo.com/video/730128202	https://www.motiondesignawards.com/project/1010/new-balance-two-wxy-v2-1
https://player.vimeo.com/video/730130249	https://www.motiondesignawards.com/project/1057/camelbak-chillbak-pack
https://player.vimeo.com/video/731707859	https://www.motiondesignawards.com/project/1007/edge-net-zero
https://player.vimeo.com/video/732141140	https://www.motiondesignawards.com/project/1011/air-zoom-mercurial-x-rocket-league-piccadilly-screen-and-av
https://player.vimeo.com/video/734395588	https://www.motiondesignawards.com/project/1018/ford-money
https://player.vimeo.com/video/737626821	https://www.motiondesignawards.com/project/1026/supra-boats
https://player.vimeo.com/video/741163428	https://www.motiondesignawards.com/project/1036/amazon-x-clim-studio
https://player.vimeo.com/video/741853416	https://www.motiondesignawards.com/project/1047/select-sector-spdrs-2022-spot-1-1
https://player.vimeo.com/video/741860509	https://www.motiondesignawards.com/project/1060/select-sector-spdrs-2022-spot-2
https://player.vimeo.com/video/743455455	https://www.motiondesignawards.com/project/1094/better-feeds
https://player.vimeo.com/video/762662864	https://www.motiondesignawards.com/project/1085/monster-energy-rehab
https://player.vimeo.com/video/765663789	https://www.motiondesignawards.com/project/1188/lightyear-solar-charging
https://player.vimeo.com/video/773696447	https://www.motiondesignawards.com/project/1104/natureorg-plastic
https://player.vimeo.com/video/777388617	https://www.motiondesignawards.com/project/1149/rtfkt-animus
https://player.vimeo.com/video/778211104	https://www.motiondesignawards.com/project/1143/rtfkt-crypto-kicks-trillium
https://player.vimeo.com/video/787574174	https://www.motiondesignawards.com/project/1139/rtfkt-cryptokicks-irl
https://player.vimeo.com/video/787858378	https://www.motiondesignawards.com/project/1236/decimas-unisex-by-kutuko-studio-2
https://player.vimeo.com/video/788586281	https://www.motiondesignawards.com/project/1244/adyen-engineered-for-ambition
https://player.vimeo.com/video/790492340	https://www.motiondesignawards.com/project/1147/strava
https://player.vimeo.com/video/795586520	https://www.motiondesignawards.com/project/1278/bmw-i-vision-dee-the-birth-of-dee-1
https://player.vimeo.com/video/796602219	https://www.motiondesignawards.com/project/1175/samsung-galaxy-a14-5g-screensaver-by-clim-studio
https://player.vimeo.com/video/796674082	https://www.motiondesignawards.com/project/1174/abantera-colchones-directors-cut
https://player.vimeo.com/video/802732955	https://www.motiondesignawards.com/project/1194/hologram
https://player.vimeo.com/video/810073790	https://www.motiondesignawards.com/project/1230/found
https://player.vimeo.com/video/810643191	https://www.motiondesignawards.com/project/1231/espn-xfl-brand-film
https://player.vimeo.com/video/818272151	https://www.motiondesignawards.com/project/1262/walliance-3d-videos
https://player.vimeo.com/video/821704834	https://www.motiondesignawards.com/project/1276/bac-by-kutuko-studio
https://player.vimeo.com/video/824777639	https://www.motiondesignawards.com/project/1289/zeedog-by-kutuko-studio-1
https://player.vimeo.com/video/826803545	https://www.motiondesignawards.com/project/1300/secret-client-motion-system
https://player.vimeo.com/video/837620040	https://www.motiondesignawards.com/project/1710/hamilton-engraving-by-kutuko
https://player.vimeo.com/video/839659968	https://www.motiondesignawards.com/project/1337/liv-motion-video
https://player.vimeo.com/video/842113467	https://www.motiondesignawards.com/project/1342/styleframe-scrapbook
https://player.vimeo.com/video/858368725	https://www.motiondesignawards.com/project/2697/showreel-2026-freelance-cg-artist-and-an-art-director-alina-zykina
https://player.vimeo.com/video/858596946	https://www.motiondesignawards.com/project/1379/metomic
https://player.vimeo.com/video/859934391	https://www.motiondesignawards.com/project/1391/lancome-idole
https://player.vimeo.com/video/859934875	https://www.motiondesignawards.com/project/1428/supra-sv
https://player.vimeo.com/video/862011844	https://www.motiondesignawards.com/project/1411/farm-rebellion
https://player.vimeo.com/video/865892650	https://www.motiondesignawards.com/project/1412/helia-by-clim-studio
https://player.vimeo.com/video/872926203	https://www.motiondesignawards.com/project/1435/alibaba-illustration-system
https://player.vimeo.com/video/877463297	https://www.motiondesignawards.com/project/1453/carbyon-capture-the-sky
https://player.vimeo.com/video/877925079	https://www.motiondesignawards.com/project/1514/checker-tobi-space-sequence
https://player.vimeo.com/video/879779444	https://www.motiondesignawards.com/project/1515/nike-madready-mercurial-dream-speed
https://player.vimeo.com/video/879789004	https://www.motiondesignawards.com/project/1516/nike-madready-tiempo
https://player.vimeo.com/video/901086842	https://www.motiondesignawards.com/project/1512/thousand-currents-motion-video
https://player.vimeo.com/video/901412303	https://www.motiondesignawards.com/project/1552/mr-porter-by-clim-studio-directors-cut
https://player.vimeo.com/video/903711268	https://www.motiondesignawards.com/project/1743/cuvex-by-kutuko-1
https://player.vimeo.com/video/906337171	https://www.motiondesignawards.com/project/1642/screeaam
https://player.vimeo.com/video/908785368	https://www.motiondesignawards.com/project/1548/rtfkt-x-nike-dunk-genesis-void-3d-printer-video
https://player.vimeo.com/video/917188881	https://www.motiondesignawards.com/project/1574/tmobile-casestudy-teaser
https://player.vimeo.com/video/924666407	https://www.motiondesignawards.com/project/1592/orajel
https://player.vimeo.com/video/945730779	https://www.motiondesignawards.com/project/1643/clim-studio-x-samsung-newfound-equilibrium-exhibit
https://player.vimeo.com/video/947322026	https://www.motiondesignawards.com/project/1657/mcdonalds-motion-series-x-publicis-dubai
https://player.vimeo.com/video/957031076	https://www.motiondesignawards.com/project/1685/roger-gallet-by-clim-studio-savons-ss24-campaign
https://player.vimeo.com/video/981240740	https://www.motiondesignawards.com/project/1824/hamilton-cinema-by-kutuko
https://player.vimeo.com/video/984799216	https://www.motiondesignawards.com/project/1732/fluid-watches
https://player.vimeo.com/video/988316568	https://www.motiondesignawards.com/project/1748/vibram-video-campaign
https://player.vimeo.com/video/991943785	https://www.motiondesignawards.com/project/1784/bac-16-9-eng-by-kutuko
https://player.vimeo.com/video/999517904	https://www.motiondesignawards.com/project/1791/aixsponza-general-reel-2024
https://storage-01-mda.keyfram.es/p/176/80/8ddfe108aea9e2107b284dbcaa073eb4.mp4	https://www.motiondesignawards.com/project/80/bmw-concept-i4-social-stings
https://storage-01-mda.keyfram.es/p/24/82/1a135c8452c546d7f61265457725bd56.mp4	https://www.motiondesignawards.com/project/82/work-better-with-logitech
https://storage-01-mda.keyfram.es/p/61/46/ab076d933b66abf07a2df1a4cb794030.mp4	https://www.motiondesignawards.com/project/46/plusone-manifesto
https://storage-01-mda.keyfram.es/p/61/63/8b8bcd1b4c0c843c29eb23a0fd51fb52.mp4	https://www.motiondesignawards.com/project/63/eni
https://www.youtube.com/watch?v=QUa5UXRi2Mk	https://www.motiondesignawards.com/project/2548/nike-air-max-95000
https://customer-h7pc47d149h3qiks.cloudflarestream.com/20e1a33836b443e5a805ad30723df527/manifest/video.m3u8	https://www.motiondesignawards.com/project/2005/flodesk-case-study
https://customer-h7pc47d149h3qiks.cloudflarestream.com/38f843e7d08b591472e269b44a9efca6/manifest/video.m3u8	https://www.motiondesignawards.com/project/2607/hard-to-starboard
https://customer-h7pc47d149h3qiks.cloudflarestream.com/4078a584e9b3133f28fbe85bc91f8a6c/manifest/video.m3u8	https://www.motiondesignawards.com/project/2564/i-should-like-to-see-my-drawing
https://customer-h7pc47d149h3qiks.cloudflarestream.com/572414fa1a8d7d3542fef22e1d8f181a/manifest/video.m3u8	https://www.motiondesignawards.com/project/228/a-green-plan-for-our-cities-1
https://customer-h7pc47d149h3qiks.cloudflarestream.com/5e164ebaaa051add446b6aa3beba9b7f/manifest/video.m3u8	https://www.motiondesignawards.com/project/2439/fate
https://customer-h7pc47d149h3qiks.cloudflarestream.com/76cee0bd0513ce4c8717a4b074e8ef95/manifest/video.m3u8	https://www.motiondesignawards.com/project/2440/merry-christmas
https://customer-h7pc47d149h3qiks.cloudflarestream.com/78b442bb1c7620a7a6e3f408cf934ef8/manifest/video.m3u8	https://www.motiondesignawards.com/project/1816/chinatown
https://customer-h7pc47d149h3qiks.cloudflarestream.com/7d6a91179b04ab6702cb94164f733a44/manifest/video.m3u8	https://www.motiondesignawards.com/project/2556/dreams-1
https://customer-h7pc47d149h3qiks.cloudflarestream.com/851e6bf22a0485bed0729ed28a3608ed/manifest/video.m3u8	https://www.motiondesignawards.com/project/2288/audi-r8-cg-commercial
https://customer-h7pc47d149h3qiks.cloudflarestream.com/9a0445008c5ca1f1c9a09d4efc263cb0/manifest/video.m3u8	https://www.motiondesignawards.com/project/2593/rechannel-marketing-a-function
https://customer-h7pc47d149h3qiks.cloudflarestream.com/ace85a56918c1feb9147f2cb2cb92f0c/manifest/video.m3u8	https://www.motiondesignawards.com/project/2521/fall-in-love-again-and-again
https://customer-h7pc47d149h3qiks.cloudflarestream.com/acff9d9d47fc4d019c45c9272bcf01b4/manifest/video.m3u8	https://www.motiondesignawards.com/project/2041/unum-2024-unwrapped
https://customer-h7pc47d149h3qiks.cloudflarestream.com/ad0d9ae48b2f4334d8de4244a3fe0fbe/manifest/video.m3u8	https://www.motiondesignawards.com/project/2230/fully-cg-audi-r8-commercial
https://customer-h7pc47d149h3qiks.cloudflarestream.com/b68085c06720346de100ec3602cc3be5/manifest/video.m3u8	https://www.motiondesignawards.com/project/2110/vacheron-constantin-les-cabinotiers-solaria-ultra-grand-complication
https://customer-h7pc47d149h3qiks.cloudflarestream.com/bfacbc96520f8f7d4746fdd535d8d7d0/manifest/video.m3u8	https://www.motiondesignawards.com/project/257/iris
https://customer-h7pc47d149h3qiks.cloudflarestream.com/cfdd39e4ac212d944e721705a1bcbb65/manifest/video.m3u8	https://www.motiondesignawards.com/project/2514/bio-bar-mad-campaign
https://customer-h7pc47d149h3qiks.cloudflarestream.com/dc5be12f0330b1580172e97ca64b68ef/manifest/video.m3u8	https://www.motiondesignawards.com/project/145/very-noise
https://customer-h7pc47d149h3qiks.cloudflarestream.com/e3356534460e540c5be5f78a9b9aab41/manifest/video.m3u8	https://www.motiondesignawards.com/project/2648/rechannel
https://customer-h7pc47d149h3qiks.cloudflarestream.com/e5303bedf0221f2c3728a4a2766b4157/manifest/video.m3u8	https://www.motiondesignawards.com/project/1820/global-workforce
https://customer-h7pc47d149h3qiks.cloudflarestream.com/f35e404abfb74316fe80bee28a0b6763/manifest/video.m3u8	https://www.motiondesignawards.com/project/2188/2024-unwrapped
https://customer-h7pc47d149h3qiks.cloudflarestream.com/fde97832feeac750d8d0a8aa512c56f7/manifest/video.m3u8	https://www.motiondesignawards.com/project/2327/franck-muller-fr2nck-muller-vanguard
https://player.vimeo.com/video/1000428611	https://www.motiondesignawards.com/project/1854/discord-bogo
https://player.vimeo.com/video/1004109424	https://www.motiondesignawards.com/project/2100/offf-mx-titles
https://player.vimeo.com/video/1005503871	https://www.motiondesignawards.com/project/2312/discord-apps-anywhere
https://player.vimeo.com/video/1033085524?h=5501b62d74	https://www.motiondesignawards.com/project/1947/devialet-astra-opera-de-paris
https://player.vimeo.com/video/1034280087	https://www.motiondesignawards.com/project/1904/diamond
https://player.vimeo.com/video/1042575026	https://www.motiondesignawards.com/project/2080/faraz-uzbek-whiskey
https://player.vimeo.com/video/1045744435	https://www.motiondesignawards.com/project/1953/oakley-winter-sports-mash-up
https://player.vimeo.com/video/1052793933	https://www.motiondesignawards.com/project/2004/reels-covers-directors-cut
https://player.vimeo.com/video/1058523571	https://www.motiondesignawards.com/project/2053/mcdonalds-enter-the-winnerverse-campaign
https://player.vimeo.com/video/1062020563?h=cc34b592fd	https://www.motiondesignawards.com/project/2062/skl-robotics-humanoid-hmnd01
https://player.vimeo.com/video/1063065012	https://www.motiondesignawards.com/project/2346/error-507-ego-exceeded-1
https://player.vimeo.com/video/1064431746	https://www.motiondesignawards.com/project/2119/khaby-x-mr-pink-dc
https://player.vimeo.com/video/1073137958	https://www.motiondesignawards.com/project/2163/make-mami-proud-showreel-2025
https://player.vimeo.com/video/1077579827	https://www.motiondesignawards.com/project/2186/discord-kawaii-mode-drops
https://player.vimeo.com/video/1077997034	https://www.motiondesignawards.com/project/2137/redmi-n16u-echoes-from-depth-traced-by-light
https://player.vimeo.com/video/1084613281	https://www.motiondesignawards.com/project/2177/jamaivu-customized-piece-of-art
https://player.vimeo.com/video/1086121316	https://www.motiondesignawards.com/project/2194/sadness-a-visual-journey-through-emotion-emotions-chapter-01
https://player.vimeo.com/video/1088048135	https://www.motiondesignawards.com/project/2404/cartoons-on-the-bay-full-edit
https://player.vimeo.com/video/1088112506	https://www.motiondesignawards.com/project/2196/cupid-we-need-to-talk
https://player.vimeo.com/video/1099582893	https://www.motiondesignawards.com/project/2254/sins
https://player.vimeo.com/video/1113995160	https://www.motiondesignawards.com/project/2363/village-cinemas-opener
https://player.vimeo.com/video/1126853558	https://www.motiondesignawards.com/project/2367/waa-short-film
https://player.vimeo.com/video/1127487275	https://www.motiondesignawards.com/project/2377/rage-emotions-chapter-02-2
https://player.vimeo.com/video/1131614863?h=85cf9f951f	https://www.motiondesignawards.com/project/2386/bell-ross-br-x3
https://player.vimeo.com/video/1139246117	https://www.motiondesignawards.com/project/2408/chopard-luc-grand-strike
https://player.vimeo.com/video/1143051970	https://www.motiondesignawards.com/project/2416/fear-a-visual-journey-through-emotion-emotions-chapter-03
https://player.vimeo.com/video/1145639061	https://www.motiondesignawards.com/project/2580/accor-the-indigo-dream
https://player.vimeo.com/video/1147819268	https://www.motiondesignawards.com/project/2437/snf-journey-30-years
https://player.vimeo.com/video/1149485398	https://www.motiondesignawards.com/project/2481/prand-7-years
https://player.vimeo.com/video/1153211765	https://www.motiondesignawards.com/project/2677/ropes-creative-search
https://player.vimeo.com/video/1155704384	https://www.motiondesignawards.com/project/2463/alpha-ledger-showreel
https://player.vimeo.com/video/1156843544	https://www.motiondesignawards.com/project/2479/showreel-4
https://player.vimeo.com/video/1159666833	https://www.motiondesignawards.com/project/2501/breguet-experimentale-1
https://player.vimeo.com/video/1187828564	https://www.motiondesignawards.com/project/2566/x-games-league-fictional-opening-credits
https://player.vimeo.com/video/1200030245	https://www.motiondesignawards.com/project/2619/food-forest-ketelbroek
https://player.vimeo.com/video/1200800680	https://www.motiondesignawards.com/project/2625/mbf-hm12-the-guardian
https://player.vimeo.com/video/350295229	https://www.motiondesignawards.com/project/687/pattoon
https://player.vimeo.com/video/381306679	https://www.motiondesignawards.com/project/411/aescripts-cyber-week-sale-story
https://player.vimeo.com/video/384489349	https://www.motiondesignawards.com/project/145/very-noise
https://player.vimeo.com/video/460485685	https://www.motiondesignawards.com/project/410/imstick
https://player.vimeo.com/video/499637515	https://www.motiondesignawards.com/project/402/rayban-you-are-on
https://player.vimeo.com/video/512520206	https://www.motiondesignawards.com/project/2436/adidas-k-johnson
https://player.vimeo.com/video/530751889	https://www.motiondesignawards.com/project/525/ted
https://player.vimeo.com/video/537359640	https://www.motiondesignawards.com/project/1101/born-to-be-gold
https://player.vimeo.com/video/579339111	https://www.motiondesignawards.com/project/716/aries
https://player.vimeo.com/video/583101639	https://www.motiondesignawards.com/project/1816/chinatown
https://player.vimeo.com/video/652343666	https://www.motiondesignawards.com/project/826/in-dante-veritas
https://player.vimeo.com/video/656171908	https://www.motiondesignawards.com/project/876/volosa
https://player.vimeo.com/video/662013359	https://www.motiondesignawards.com/project/849/showreel-2022
https://player.vimeo.com/video/670711481	https://www.motiondesignawards.com/project/1103/semrush-trends
https://player.vimeo.com/video/700781687	https://www.motiondesignawards.com/project/931/the-brutalism
https://player.vimeo.com/video/712898420	https://www.motiondesignawards.com/project/1301/securiwiser
https://player.vimeo.com/video/733581156	https://www.motiondesignawards.com/project/1020/summertime
https://player.vimeo.com/video/740406064	https://www.motiondesignawards.com/project/1816/chinatown
https://player.vimeo.com/video/745016071	https://www.motiondesignawards.com/project/1076/puma-sport-for-change
https://player.vimeo.com/video/768417163	https://www.motiondesignawards.com/project/1092/celebrating-india
https://player.vimeo.com/video/779740219	https://www.motiondesignawards.com/project/1322/hora
https://player.vimeo.com/video/800250687	https://www.motiondesignawards.com/project/1197/rocketpanda-reel
https://player.vimeo.com/video/814001176	https://www.motiondesignawards.com/project/1286/strange-phobias
https://player.vimeo.com/video/821326070	https://www.motiondesignawards.com/project/1427/idea-academy
https://player.vimeo.com/video/822491037	https://www.motiondesignawards.com/project/2037/unum-30-overview-april-edition
https://player.vimeo.com/video/828299727	https://www.motiondesignawards.com/project/1361/aurora-br-x
https://player.vimeo.com/video/848325487	https://www.motiondesignawards.com/project/1422/taschen-presents-arnold-schwarzenegger-2
https://player.vimeo.com/video/856430844	https://www.motiondesignawards.com/project/1405/directors-cut
https://player.vimeo.com/video/869264017	https://www.motiondesignawards.com/project/1773/unum-magic-content
https://player.vimeo.com/video/875165589?h=d064f150ee	https://www.motiondesignawards.com/project/1454/serenis
https://player.vimeo.com/video/875517146?h=2f182aec3b	https://www.motiondesignawards.com/project/1555/ebay-the-movement
https://player.vimeo.com/video/884594117	https://www.motiondesignawards.com/project/1517/mectron-before-and-after
https://player.vimeo.com/video/888696435	https://www.motiondesignawards.com/project/1475/emporio-armani-diwali-2023
https://player.vimeo.com/video/894459644	https://www.motiondesignawards.com/project/2233/bell-ross-a-black-matte-2023
https://player.vimeo.com/video/915889023	https://www.motiondesignawards.com/project/1577/on-nfts-taschens-guide-to-the-digital-art-revolution
https://player.vimeo.com/video/917130248	https://www.motiondesignawards.com/project/1600/discord-safety-teen-charter
https://player.vimeo.com/video/928368341	https://www.motiondesignawards.com/project/1595/miniwood
https://player.vimeo.com/video/930611151	https://www.motiondesignawards.com/project/1638/decathlon-inesis-fer-500
https://player.vimeo.com/video/930634179	https://www.motiondesignawards.com/project/2007/10000-subscribers
https://player.vimeo.com/video/932440408	https://www.motiondesignawards.com/project/1619/bellross-br-05-black-ceramic
https://player.vimeo.com/video/933209046	https://www.motiondesignawards.com/project/2271/ecoflex-yoga-mat
https://player.vimeo.com/video/941905812	https://www.motiondesignawards.com/project/1644/corona-la-vida-mas-fina
https://player.vimeo.com/video/950786714	https://www.motiondesignawards.com/project/1677/decathlon-inesis-tour-900-ball
https://player.vimeo.com/video/955837835	https://www.motiondesignawards.com/project/1678/listen-to-the-sound-of-gold-my-3d-design-work-for-claviio-gold-version
https://player.vimeo.com/video/972845076	https://www.motiondesignawards.com/project/1713/contruent-1
https://player.vimeo.com/video/983163694	https://www.motiondesignawards.com/project/1763/e39-m5-vs-koenigsegg-agera-rs
https://player.vimeo.com/video/994999768	https://www.motiondesignawards.com/project/2060/knife-intro
https://www.youtube.com/watch?v=Al-EakZKc1Q	https://www.motiondesignawards.com/project/849/showreel-2022
https://www.youtube.com/watch?v=OdmpcBvw_5M	https://www.motiondesignawards.com/project/2607/hard-to-starboard
